{
  "53.401000,14.508000": [
    3.0,
    0.0,
    447.9873625584153,
    0.0,
    0.0,
    0.0,
    1.0,
    1.0,
    0.0,
    127.0
  ],
  "53.401000,14.516778": [
    0.0,
    0.0,
    500,
    0.0,
    0.0,
    0.0,
    1.0,
    0.0,
    0.0,
    33.0
  ],
  "53.401000,14.525556": [
    13.0,
    0.0,
    500,
    5.0,
    2.0,
    0.0,
    3.0,
    2.0,
    0.0,
    106.0
  ],
  "53.401000,14.534333": [
    10.0,
    0.0,
    500,
    2.0,
    0.0,
    0.0,
    0.0,
    0.0,
    0.0,
    21.0
  ],
  "53.401000,14.543111": [
    0.0,
    0.0,
    500,
    0.0,
    0.0,
    0.0,
    0.0,
    0.0,
    0.0,
    17.0
  ],
  "53.401000,14.551889": [
    0.0,
    0.0,
    500,
    0.0,
    0.0,
    0.0,
    0.0,
    0.0,
    0.0,
    24.0
  ],
  "53.401000,14.560667": [
    5.0,
    0.0,
    500,
    0.0,
    0.0,
    1.0,
    0.0,
    0.0,
    0.0,
    14.0
  ],
  "53.401000,14.569444": [
    0.0,
    0.0,
    500,
    0.0,
    0.0,
    1.0,
    0.0,
    0.0,
    0.0,
    3.0
  ],
  "53.401000,14.578222": [
    2.0,
    0.0,
    500,
    0.0,
    0.0,
    0.0,
    0.0,
    0.0,
    0.0,
    0.0
  ],
  "53.401000,14.587000": [
    2.0,
    0.0,
    500,
    0.0,
    0.0,
    0.0,
    0.0,
    0.0,
    0.0,
    0.0
  ],
  "53.406500,14.508000": [
    8.0,
    0.0,
    90.92345586966654,
    1.0,
    1.0,
    0.0,
    2.0,
    1.0,
    0.0,
    326.0
  ],
  "53.406500,14.516778": [
    6.0,
    0.0,
    314.8058522182476,
    2.0,
    0.0,
    0.0,
    0.0,
    4.0,
    0.0,
    35.0
  ],
  "53.406500,14.525556": [
    13.0,
    0.0,
    500,
    3.0,
    0.0,
    0.0,
    3.0,
    3.0,
    0.0,
    134.0
  ],
  "53.406500,14.534333": [
    12.0,
    0.0,
    500,
    1.0,
    1.0,
    0.0,
    4.0,
    4.0,
    0.0,
    79.0
  ],
  "53.406500,14.543111": [
    2.0,
    0.0,
    500,
    0.0,
    0.0,
    0.0,
    0.0,
    0.0,
    0.0,
    22.0
  ],
  "53.406500,14.551889": [
    0.0,
    0.0,
    500,
    0.0,
    0.0,
    0.0,
    0.0,
    0.0,
    0.0,
    31.0
  ],
  "53.406500,14.560667": [
    5.0,
    0.0,
    500,
    0.0,
    0.0,
    0.0,
    0.0,
    0.0,
    1.0,
    100.0
  ],
  "53.406500,14.569444": [
    2.0,
    0.0,
    500,
    0.0,
    0.0,
    0.0,
    0.0,
    0.0,
    0.0,
    42.0
  ],
  "53.406500,14.578222": [
    0.0,
    0.0,
    500,
    0.0,
    0.0,
    0.0,
    0.0,
    0.0,
    0.0,
    0.0
  ],
  "53.406500,14.587000": [
    1.0,
    0.0,
    470.68876116865795,
    0.0,
    0.0,
    1.0,
    0.0,
    0.0,
    0.0,
    2.0
  ],
  "53.412000,14.508000": [
    2.0,
    0.0,
    452.3915493253057,
    1.0,
    1.0,
    0.0,
    0.0,
    0.0,
    0.0,
    179.0
  ],
  "53.412000,14.516778": [
    4.0,
    0.0,
    145.8870561246034,
    2.0,
    1.0,
    0.0,
    0.0,
    7.0,
    0.0,
    4.0
  ],
  "53.412000,14.525556": [
    12.0,
    1.0,
    478.24231627783695,
    2.0,
    2.0,
    0.0,
    3.0,
    4.0,
    0.0,
    55.0
  ],
  "53.412000,14.534333": [
    13.0,
    2.0,
    500,
    1.0,
    1.0,
    0.0,
    4.0,
    2.0,
    0.0,
    112.0
  ],
  "53.412000,14.543111": [
    8.0,
    1.0,
    500,
    0.0,
    0.0,
    0.0,
    0.0,
    1.0,
    0.0,
    69.0
  ],
  "53.412000,14.551889": [
    2.0,
    0.0,
    500,
    0.0,
    0.0,
    0.0,
    0.0,
    1.0,
    0.0,
    21.0
  ],
  "53.412000,14.560667": [
    10.0,
    0.0,
    500,
    0.0,
    0.0,
    0.0,
    0.0,
    0.0,
    1.0,
    59.0
  ],
  "53.412000,14.569444": [
    5.0,
    0.0,
    299.33863693148265,
    0.0,
    0.0,
    0.0,
    0.0,
    0.0,
    0.0,
    11.0
  ],
  "53.412000,14.578222": [
    2.0,
    0.0,
    89.57022209649463,
    0.0,
    0.0,
    0.0,
    0.0,
    0.0,
    0.0,
    5.0
  ],
  "53.412000,14.587000": [
    2.0,
    0.0,
    405.24190872432956,
    0.0,
    0.0,
    0.0,
    0.0,
    0.0,
    0.0,
    2.0
  ],
  "53.417500,14.508000": [
    5.0,
    0.0,
    374.24956550364556,
    0.0,
    1.0,
    0.0,
    0.0,
    0.0,
    0.0,
    2.0
  ],
  "53.417500,14.516778": [
    6.0,
    0.0,
    442.6950705644517,
    1.0,
    1.0,
    0.0,
    0.0,
    0.0,
    0.0,
    34.0
  ],
  "53.417500,14.525556": [
    7.0,
    4.0,
    371.52742461962805,
    0.0,
    1.0,
    0.0,
    1.0,
    0.0,
    0.0,
    26.0
  ],
  "53.417500,14.534333": [
    3.0,
    7.0,
    190.3629848571448,
    2.0,
    1.0,
    0.0,
    4.0,
    0.0,
    0.0,
    95.0
  ],
  "53.417500,14.543111": [
    16.0,
    7.0,
    444.7525941312502,
    1.0,
    1.0,
    0.0,
    2.0,
    1.0,
    0.0,
    153.0
  ],
  "53.417500,14.551889": [
    33.0,
    0.0,
    367.585117981821,
    1.0,
    1.0,
    0.0,
    3.0,
    8.0,
    0.0,
    86.0
  ],
  "53.417500,14.560667": [
    15.0,
    0.0,
    316.1191833246649,
    0.0,
    0.0,
    1.0,
    0.0,
    1.0,
    0.0,
    13.0
  ],
  "53.417500,14.569444": [
    7.0,
    0.0,
    56.35972665189957,
    0.0,
    0.0,
    1.0,
    1.0,
    0.0,
    0.0,
    4.0
  ],
  "53.417500,14.578222": [
    0.0,
    0.0,
    149.22049712090302,
    0.0,
    0.0,
    0.0,
    0.0,
    0.0,
    0.0,
    1.0
  ],
  "53.417500,14.587000": [
    0.0,
    0.0,
    477.19121653541805,
    0.0,
    0.0,
    0.0,
    0.0,
    0.0,
    0.0,
    0.0
  ],
  "53.423000,14.508000": [
    15.0,
    0.0,
    237.8702537859427,
    1.0,
    1.0,
    0.0,
    0.0,
    0.0,
    0.0,
    140.0
  ],
  "53.423000,14.516778": [
    10.0,
    3.0,
    365.6180006181266,
    1.0,
    1.0,
    0.0,
    0.0,
    0.0,
    0.0,
    89.0
  ],
  "53.423000,14.525556": [
    9.0,
    8.0,
    229.63877480286786,
    1.0,
    2.0,
    0.0,
    2.0,
    3.0,
    0.0,
    81.0
  ],
  "53.423000,14.534333": [
    15.0,
    17.0,
    224.01056034689114,
    4.0,
    3.0,
    0.0,
    10.0,
    8.0,
    0.0,
    275.0
  ],
  "53.423000,14.543111": [
    8.0,
    6.0,
    182.61078130703143,
    5.0,
    4.0,
    0.0,
    11.0,
    8.0,
    0.0,
    407.0
  ],
  "53.423000,14.551889": [
    41.0,
    5.0,
    86.58268755875396,
    4.0,
    5.0,
    0.0,
    22.0,
    20.0,
    6.0,
    208.0
  ],
  "53.423000,14.560667": [
    14.0,
    3.0,
    44.738331619877144,
    0.0,
    2.0,
    0.0,
    37.0,
    3.0,
    6.0,
    167.0
  ],
  "53.423000,14.569444": [
    5.0,
    0.0,
    355.6473838422199,
    0.0,
    0.0,
    0.0,
    8.0,
    0.0,
    3.0,
    1.0
  ],
  "53.423000,14.578222": [
    0.0,
    0.0,
    320.223616951803,
    0.0,
    0.0,
    0.0,
    0.0,
    0.0,
    0.0,
    0.0
  ],
  "53.423000,14.587000": [
    0.0,
    0.0,
    507.24696613986595,
    0.0,
    0.0,
    0.0,
    0.0,
    0.0,
    0.0,
    0.0
  ],
  "53.428500,14.508000": [
    2.0,
    0.0,
    37.37453823163362,
    6.0,
    0.0,
    0.0,
    2.0,
    1.0,
    0.0,
    334.0
  ],
  "53.428500,14.516778": [
    2.0,
    3.0,
    15.833923261823747,
    1.0,
    1.0,
    0.0,
    3.0,
    0.0,
    0.0,
    56.0
  ],
  "53.428500,14.525556": [
    3.0,
    3.0,
    20.830623585242748,
    3.0,
    2.0,
    0.0,
    3.0,
    6.0,
    0.0,
    51.0
  ],
  "53.428500,14.534333": [
    14.0,
    5.0,
    138.22125313054337,
    5.0,
    3.0,
    0.0,
    10.0,
    19.0,
    0.0,
    556.0
  ],
  "53.428500,14.543111": [
    12.0,
    2.0,
    24.233301203990045,
    9.0,
    4.0,
    1.0,
    58.0,
    36.0,
    0.0,
    812.0
  ],
  "53.428500,14.551889": [
    32.0,
    2.0,
    7.118164539705791,
    7.0,
    3.0,
    2.0,
    43.0,
    30.0,
    9.0,
    376.0
  ],
  "53.428500,14.560667": [
    16.0,
    3.0,
    119.29020185883675,
    1.0,
    2.0,
    1.0,
    32.0,
    7.0,
    9.0,
    189.0
  ],
  "53.428500,14.569444": [
    6.0,
    1.0,
    189.4161054377915,
    0.0,
    1.0,
    0.0,
    5.0,
    2.0,
    4.0,
    32.0
  ],
  "53.428500,14.578222": [
    0.0,
    0.0,
    500,
    0.0,
    0.0,
    0.0,
    0.0,
    0.0,
    0.0,
    0.0
  ],
  "53.428500,14.587000": [
    0.0,
    0.0,
    500,
    0.0,
    0.0,
    0.0,
    0.0,
    0.0,
    0.0,
    0.0
  ],